,Age,Sex,Job,Housing,Saving accounts,Checking account,Credit amount,Duration,Purpose,Risk,Prediction,Pred. Prob.,CI Low,CI High
993,30,male,3,own,little,little,3959,36,furniture/equipment,good,good,0.4917665247614716,0.4851070233006319,0.4984260262223113
859,26,male,2,rent,moderate,,3577,9,car,good,good,0.7766801218162007,0.7701025020916847,0.7832577415407167
298,43,male,2,own,little,,2515,18,furniture/equipment,good,good,0.8636466230820852,0.8593356898296965,0.8679575563344738
553,27,male,2,own,moderate,moderate,1995,12,car,good,good,0.7003070380311786,0.692952407163585,0.7076616688987721
672,42,male,3,own,little,,10366,60,car,good,good,0.7140943312383683,0.7082029297219072,0.7199857327548294
971,43,male,1,own,little,,7393,24,car,good,good,0.8122591580821115,0.8067410809606668,0.8177772352035562
27,42,female,2,rent,rich,rich,409,12,radio/TV,good,good,0.7655914288911565,0.7614512931735049,0.7697315646088081
231,51,male,1,free,quite rich,,2507,9,car,good,good,0.8537301960278921,0.8503549648915723,0.857105427164212
306,24,female,1,rent,,,4811,30,car,good,good,0.8168591733290799,0.8095773659544189,0.8241409807037409
706,24,male,2,own,moderate,moderate,6560,48,car,bad,good,0.5681421829403961,0.5611931608904407,0.5750912049903515
496,29,male,3,rent,moderate,moderate,9034,36,furniture/equipment,bad,good,0.5011898659657313,0.49042444256785345,0.5119552893636092
558,27,male,2,own,little,little,3552,24,furniture/equipment,bad,good,0.5085607513241017,0.5008628451412797,0.5162586575069238
784,60,male,3,own,,moderate,6468,20,car,good,good,0.7298878991478638,0.7243553866743041,0.7354204116214235
239,39,male,2,own,little,little,2522,30,radio/TV,good,good,0.5044741985315946,0.4979494786478514,0.5109989184153378
578,27,male,2,own,little,moderate,2820,36,car,bad,good,0.6011946749777397,0.5915195069170052,0.6108698430384742
55,26,male,1,own,,,783,6,car,good,good,0.9156657345584222,0.9105873471747586,0.9207441219420857
906,24,male,1,own,,little,3763,21,car,good,good,0.6303742558619363,0.6216243492631266,0.639124162460746
175,53,female,3,own,,,7485,30,car,bad,good,0.8370080399251443,0.8313318857938267,0.8426841940564619
14,28,female,2,rent,little,little,1403,15,car,good,bad,0.5178084872029528,0.5053935470276505,0.5302234273782551
77,51,male,2,own,little,moderate,4771,11,radio/TV,good,good,0.7294331189700303,0.7213905440072947,0.7374756939327658
31,27,male,2,own,little,little,4020,24,furniture/equipment,good,good,0.507750498620766,0.4975074773436377,0.5179935198978943
481,26,male,2,own,little,moderate,1201,24,car,good,good,0.6313484601480708,0.6225309872855385,0.6401659330106031
310,40,male,0,free,,moderate,5381,48,vacation/others,good,good,0.694841281626242,0.6918007819106167,0.6978817813418674
311,25,male,2,own,moderate,,5511,24,furniture/equipment,good,good,0.7821516969025863,0.7744911648918197,0.789812228913353
883,65,female,0,own,little,,1098,18,radio/TV,good,good,0.876439008041986,0.8727282542963559,0.8801497617876162
788,50,male,2,free,little,moderate,6224,48,education,bad,good,0.5450607028010538,0.5373594038225785,0.552762001779529
45,35,female,3,own,little,,1393,11,car,good,good,0.8591487950833128,0.8544274188306642,0.8638701713359613
103,35,male,2,rent,little,moderate,1919,9,furniture/equipment,good,good,0.6403562523165864,0.6328136108992194,0.6478988937339535
760,59,female,2,own,,,5045,15,car,good,good,0.8787820971338856,0.871883660842825,0.8856805334249461
1,22,female,2,own,little,moderate,5951,48,radio/TV,bad,good,0.5352138085456041,0.5256627444299848,0.5447648726612233
823,47,male,1,own,little,little,731,8,car,good,good,0.5799001440406876,0.5664359680801411,0.5933643200012341
710,32,male,3,own,quite rich,,629,18,radio/TV,good,good,0.8680161759761696,0.8632546919203782,0.8727776600319611
614,22,female,2,own,little,,1808,18,furniture/equipment,bad,good,0.7907606360759287,0.7801981366148654,0.8013231355369921
790,39,female,2,own,little,moderate,1188,21,business,bad,good,0.6846880334846119,0.6785486773646573,0.6908273896045666
408,26,male,3,own,quite rich,,3235,24,radio/TV,good,good,0.8239076575432434,0.8160107505163698,0.8318045645701169
736,23,female,3,rent,little,moderate,11560,24,car,bad,bad,0.5727912579123635,0.5617603085689648,0.5838222072557623
957,37,male,1,own,little,moderate,1154,9,radio/TV,good,good,0.7502546955177722,0.7424350082187852,0.7580743828167593
366,27,male,2,own,little,,3850,18,car,good,good,0.8104502000627066,0.8020650329528697,0.8188353671725436
918,33,male,2,own,moderate,little,2359,24,furniture/equipment,bad,good,0.6069372296558817,0.5987288854454111,0.6151455738663523
267,38,female,2,own,little,,1533,24,radio/TV,good,good,0.8781937961436183,0.8752761803294533,0.8811114119577832
230,26,male,2,own,little,rich,4210,36,radio/TV,bad,good,0.7178062256235055,0.7108424973585675,0.7247699538884435
996,40,male,3,own,little,little,3857,30,car,good,good,0.4981554986925826,0.4916250757826067,0.5046859216025584
635,47,male,2,own,little,,1393,12,education,good,good,0.8754572785007325,0.8718957315015089,0.8790188254999561
698,24,male,2,own,little,,1800,18,radio/TV,good,good,0.8205330397589254,0.8090449676009883,0.8320211119168626
251,46,female,1,own,little,rich,2251,12,furniture/equipment,good,good,0.7622264202865204,0.7565026807560195,0.7679501598170214
783,23,female,1,own,moderate,moderate,836,12,car,bad,good,0.6135476655959986,0.6064105228656662,0.620684808326331
819,26,male,2,own,little,little,1345,18,radio/TV,bad,good,0.5347233902287537,0.5252727595076209,0.5441740209498865
141,30,female,3,own,little,moderate,4795,36,radio/TV,good,good,0.6097919825772649,0.6011416841939721,0.6184422809605576
316,38,male,1,own,little,little,708,12,furniture/equipment,good,good,0.5879283970555723,0.5751064320367547,0.6007503620743899
587,21,male,1,own,little,little,1289,12,furniture/equipment,good,good,0.5924014962781148,0.5804726074945181,0.6043303850617114
331,30,female,2,own,moderate,,1864,18,education,bad,good,0.8135799433995057,0.8074765044500216,0.8196833823489897
295,26,female,2,own,little,moderate,9960,48,furniture/equipment,bad,bad,0.5718669848046917,0.5576528284842522,0.5860811411251311
262,36,male,3,free,little,little,5302,18,car,good,good,0.5332417020217634,0.5238548169936096,0.5426285870499171
432,36,male,3,free,little,little,1872,6,furniture/equipment,good,good,0.6154591697757298,0.6086061763962747,0.6223121631551849
862,35,female,2,own,little,little,2439,24,radio/TV,bad,good,0.5485579474775504,0.5421960142411029,0.5549198807139979
582,26,female,2,rent,little,,1388,9,furniture/equipment,good,good,0.744912463195036,0.733862297051599,0.755962629338473
272,36,male,3,free,,moderate,12169,48,car,good,good,0.5779522058494343,0.5674339746460996,0.588470437052769
270,32,male,2,own,,,2662,18,car,good,good,0.9118554240065465,0.9078579461086738,0.9158529019044193
987,64,female,2,own,moderate,,1409,13,radio/TV,good,good,0.8666555676219916,0.8627228683937006,0.8705882668502826
319,27,female,1,own,little,little,3643,15,furniture/equipment,good,good,0.5708917321975995,0.5605504310880031,0.5812330333071959
569,31,female,2,own,little,little,6758,48,radio/TV,bad,bad,0.586326312627875,0.5795125384960715,0.5931400867596786
643,33,male,2,own,little,,1851,24,radio/TV,good,good,0.8679868702607549,0.8634058511526819,0.872567889368828
142,27,male,3,own,little,little,3416,27,radio/TV,good,good,0.5122558817417208,0.5056570654516158,0.5188546980318257
202,26,male,2,own,little,,5117,27,business,good,good,0.7454623603285433,0.7343930180695765,0.7565317025875101
413,40,male,1,rent,quite rich,,1597,10,car,good,good,0.8589596494192999,0.8559483506300077,0.8619709482085921
196,28,female,2,own,little,,1382,6,radio/TV,good,good,0.8717874257548897,0.8637520113066772,0.8798228402031021
264,32,male,1,own,little,,1231,10,car,good,good,0.8706840640126245,0.8652575639937872,0.8761105640314619
531,28,female,2,rent,moderate,moderate,2631,15,car,bad,good,0.6040687741258212,0.5973457344527608,0.6107918137988815
252,24,female,2,own,little,moderate,2150,30,car,bad,good,0.6105891896470459,0.6030861211782311,0.6180922581158607
576,27,female,2,own,little,moderate,2930,12,radio/TV,good,good,0.717180693254955,0.7090280291550062,0.7253333573549039
738,45,male,3,own,little,,6761,6,car,good,good,0.8079807874524717,0.801020978097457,0.8149405968074864
299,32,male,2,own,rich,moderate,2745,21,furniture/equipment,good,good,0.7020311567918305,0.6966816632802253,0.7073806503034357
740,32,male,2,own,moderate,little,2325,24,car,good,good,0.5840239228746161,0.5764595711260281,0.5915882746232042
247,35,male,2,rent,moderate,,1204,6,car,good,good,0.8149471141379927,0.8116303904204234,0.818263837855562
926,21,female,2,rent,little,little,1049,18,furniture/equipment,good,bad,0.5343720466342307,0.5238383353587598,0.5449057579097015
412,42,male,3,own,little,,2292,12,business,bad,good,0.8298932747576725,0.8242588804463766,0.8355276690689684
389,27,female,2,own,little,,1449,9,business,good,good,0.8370117070906307,0.8284684930803953,0.845554921100866
796,51,male,2,free,,little,7511,18,car,bad,good,0.5645589476328005,0.5570344903231645,0.5720834049424364
601,30,female,2,own,little,moderate,918,9,furniture/equipment,bad,good,0.7055353330959349,0.6968033547863688,0.7142673114055009
654,35,male,2,own,little,,2346,24,car,good,good,0.8573880560949918,0.8542021512345406,0.860573960955443
261,55,female,2,own,little,little,1603,24,radio/TV,good,good,0.5562832053953879,0.5479466094438121,0.5646198013469637
456,36,male,2,rent,little,little,3905,11,car,good,good,0.4917065860790107,0.48130244520064874,0.5021107269573726
386,21,female,2,rent,,,1126,18,radio/TV,good,good,0.8599365114244228,0.8536981778075483,0.8661748450412974
982,28,female,3,own,moderate,rich,2923,21,car,good,good,0.7175748753758299,0.7128717262356364,0.7222780245160233
909,33,female,1,own,,moderate,3195,9,car,good,good,0.7973763594566872,0.7923748233030283,0.802377895610346
693,44,male,1,own,,little,4716,6,car,good,good,0.6466246637545061,0.6374664839414675,0.6557828435675447
236,23,male,0,own,,moderate,14555,6,car,bad,good,0.6471063178529244,0.6446111264585911,0.6496015092472577
501,42,male,2,free,little,little,5493,36,car,good,bad,0.5662138587926566,0.5586533307174074,0.5737743868679058
497,40,male,2,own,little,,1585,24,furniture/equipment,good,good,0.8604215564814993,0.8569085964366747,0.8639345165263239
874,29,male,1,own,little,little,3590,12,furniture/equipment,good,good,0.5791583776340368,0.5684834275502268,0.5898333277178467
452,34,male,2,own,little,,2759,12,furniture/equipment,good,good,0.8644733346711915,0.8591303741028589,0.8698162952395241
494,39,male,1,rent,little,little,2122,12,car,good,bad,0.4985106721560612,0.4867160246235148,0.5103053196886076
923,30,male,2,rent,little,moderate,2002,12,car,good,good,0.6276131975038558,0.6196765021802211,0.6355498928274905
279,29,male,3,rent,moderate,,1901,24,radio/TV,good,good,0.7506443313353637,0.7437692899738495,0.7575193726968779
638,34,female,2,own,little,,1493,12,radio/TV,good,good,0.8930362671437276,0.8885986894007518,0.8974738448867035
485,47,male,3,own,little,moderate,1209,6,car,bad,good,0.7209515681525187,0.7144166332592699,0.7274865030457676
568,41,male,2,own,,moderate,3979,48,radio/TV,good,good,0.7477648383427526,0.7438368416372305,0.7516928350482748
108,30,female,2,own,,little,7721,24,furniture/equipment,good,good,0.5995638290815475,0.5908557194306852,0.6082719387324098
367,22,female,2,rent,little,little,3650,18,furniture/equipment,good,bad,0.5453920965116335,0.53569531771759,0.5550888753056769
644,32,male,3,own,little,little,1880,18,radio/TV,good,good,0.55539223817094,0.5454380944136847,0.5653463819281952
785,35,male,1,own,rich,moderate,1941,18,business,good,good,0.706281433853012,0.7003178005654579,0.7122450671405661
873,24,female,2,own,,,874,15,domestic appliances,good,good,0.8679551505993905,0.8605574941882835,0.8753528070104976
65,48,male,2,own,,,5190,27,repairs,good,good,0.8322051399726982,0.8278378633746644,0.836572416570732
902,42,male,2,free,,,10477,36,car,good,good,0.7727544597143466,0.7634768167369176,0.7820321026917757
317,48,female,1,own,,moderate,4351,24,furniture/equipment,good,good,0.7595105814605518,0.7544192606874445,0.7646019022336592
636,28,female,2,own,quite rich,,1376,24,radio/TV,good,good,0.8708544837274985,0.8649503815556138,0.8767585858993833
666,34,male,2,own,rich,moderate,3496,30,furniture/equipment,good,good,0.6814358832155591,0.6764229038892565,0.6864488625418618
789,27,male,2,own,little,little,5998,40,education,bad,bad,0.6289960369146486,0.6217214766026012,0.6362705972266959
958,45,male,1,own,little,little,4006,28,car,bad,bad,0.5273530958507658,0.5202439207601629,0.5344622709413688
214,51,male,2,own,,,3342,36,radio/TV,good,good,0.9076814896928599,0.9036866754448404,0.9116763039408794
97,34,male,2,own,moderate,moderate,2622,18,business,good,good,0.6931733050418177,0.6872165214227242,0.6991300886609113
583,33,male,1,rent,little,moderate,2384,36,repairs,bad,good,0.5422348328152113,0.535674346412771,0.5487953192176517
466,29,female,1,rent,little,little,1659,24,radio/TV,bad,bad,0.5394957073541153,0.5327589653976775,0.5462324493105531
523,23,female,2,own,moderate,,3488,24,car,good,good,0.7976536611041648,0.7894023584195881,0.8059049637887415
255,27,male,1,own,,moderate,7418,60,radio/TV,good,good,0.698015321232406,0.6929001442694015,0.7031304981954104
385,25,female,2,own,little,,2238,18,radio/TV,good,good,0.831901006026826,0.8224703855011588,0.8413316265524933
545,43,male,2,free,little,little,1333,24,car,bad,bad,0.5167939873073736,0.510338041620259,0.5232499329944882
382,25,female,2,rent,,,1283,22,car,good,good,0.8547755353757093,0.8500996544112329,0.8594514163401856
489,26,male,2,rent,little,,3518,6,car,good,good,0.7543738727072412,0.7440135248591027,0.7647342205553798
513,20,male,2,rent,little,moderate,585,12,radio/TV,good,good,0.5859735663736934,0.5765733295446694,0.5953738032027173
780,25,male,2,own,little,moderate,4933,39,radio/TV,bad,good,0.5709841712794292,0.5601551012456433,0.5818132413132152
904,36,male,3,own,little,,1278,24,radio/TV,good,good,0.8436506192281716,0.8390825146315343,0.848218723824809
122,24,male,1,rent,little,,1768,12,furniture/equipment,good,good,0.7411715084533106,0.7308101646538627,0.7515328522527585
946,30,male,2,free,quite rich,little,3349,24,furniture/equipment,bad,good,0.6443517843643485,0.6371431146835435,0.6515604540451535
60,27,male,2,own,little,moderate,1391,9,business,good,good,0.7143317103740017,0.7046755468284028,0.7239878739196005
844,47,male,2,own,little,,3422,18,furniture/equipment,good,good,0.8518143258426799,0.8462644260748058,0.857364225610554
372,23,female,2,rent,little,,2146,10,furniture/equipment,good,good,0.7330303430614277,0.722222555500005,0.7438381306228503
283,63,male,2,own,,,1520,15,furniture/equipment,good,good,0.9075072480312901,0.9015602842354512,0.913454211827129
939,46,male,3,own,,,6842,24,car,good,good,0.8586937454825919,0.85343093917456,0.8639565517906238
608,33,male,2,own,little,,2051,18,radio/TV,good,good,0.869862110907129,0.8638806302937135,0.8758435915205444
495,20,male,2,own,,little,2996,24,furniture/equipment,bad,good,0.6588362664143991,0.6513772334018475,0.6662952994269506
630,28,female,2,own,little,little,3660,24,radio/TV,good,good,0.5356884623540289,0.5275152519885057,0.5438616727195521
596,23,female,2,rent,little,little,1442,24,car,bad,bad,0.5756200136894795,0.5664637395731027,0.5847762878058562
713,25,male,1,own,little,little,1138,9,radio/TV,good,good,0.6145341027042044,0.6035248082465088,0.6255433971619
753,25,female,2,own,little,,5771,30,radio/TV,good,good,0.8066180207752821,0.7977215476262849,0.8155144939242793
624,65,male,2,free,little,little,2600,18,radio/TV,bad,good,0.5473344657360452,0.538016953737468,0.5566519777346223
312,26,female,2,own,little,rich,3749,24,furniture/equipment,good,good,0.7163651718713225,0.7116628105282444,0.7210675332144006
8,61,male,1,own,rich,,3059,12,radio/TV,good,good,0.8776095385017978,0.872691231319986,0.8825278456836095
529,41,male,1,own,little,little,662,6,car,good,good,0.5924538129568431,0.5795382414791679,0.6053693844345183
876,36,male,3,free,little,little,1940,18,radio/TV,good,good,0.5701305686888659,0.5631133539614604,0.5771477834162714
101,24,male,2,rent,little,moderate,2323,36,radio/TV,good,good,0.5258306335846717,0.5157880360123164,0.5358732311570271
615,48,male,3,own,,moderate,12204,48,business,good,good,0.5721042564966359,0.5639575468244878,0.5802509661687839
520,44,male,2,free,little,,5507,24,repairs,good,good,0.7302384270927504,0.7254540612604252,0.7350227929250757
249,22,female,2,rent,little,,433,18,radio/TV,bad,good,0.7558200167864686,0.7464267109755567,0.7652133225973805
278,32,female,2,own,little,,4611,6,furniture/equipment,bad,good,0.8482751468256801,0.8411069990609674,0.8554432945903927
424,25,female,2,own,,moderate,2762,12,furniture/equipment,bad,good,0.7881809417164845,0.7821412253165679,0.794220658116401
384,26,male,1,own,moderate,,4272,30,business,good,good,0.7606443818730619,0.7534969732811189,0.767791790465005
395,32,male,2,rent,moderate,moderate,11760,39,education,good,bad,0.5995325602554952,0.5897213801119778,0.6093437403990125
54,57,male,2,free,little,moderate,2225,36,car,bad,good,0.6095371923797115,0.60594277540743,0.613131609351993
34,33,female,3,own,little,rich,1474,12,furniture/equipment,good,good,0.7450711471309188,0.7394716981984608,0.7506705960633768
271,37,female,2,rent,quite rich,,1402,12,furniture/equipment,good,good,0.8538532479696335,0.8515965940022562,0.8561099019370108
30,36,male,2,own,rich,moderate,1913,18,business,good,good,0.7155939648229345,0.7095596538999397,0.7216282757459292
403,27,male,1,own,little,,802,14,car,good,good,0.8341415395231109,0.8249249271534755,0.8433581518927462
757,39,male,2,free,,rich,1271,15,radio/TV,bad,good,0.8175175478452094,0.8133606450602707,0.821674450630148
975,57,female,1,own,quite rich,rich,1258,24,radio/TV,good,good,0.7543173215996529,0.7491549415699996,0.7594797016293062
990,37,male,1,own,,,3565,12,education,good,good,0.8991561648296377,0.8927028301930405,0.9056094994662348
457,35,male,2,free,little,little,3386,12,car,bad,good,0.5391562032781575,0.5292342492737224,0.5490781572825926
362,36,female,2,own,little,rich,2247,12,car,good,good,0.770619587945323,0.7647852603987639,0.7764539154918821
860,27,male,2,own,rich,,5804,24,car,good,good,0.8519479223521087,0.8469539875898385,0.8569418571143789
483,30,female,2,own,rich,,960,15,furniture/equipment,good,good,0.8744633143528435,0.8685410313439904,0.8803855973616966
580,30,male,2,own,little,moderate,1056,18,car,bad,good,0.666320754557283,0.6589419631942747,0.6736995459202914
986,33,male,2,own,little,rich,6289,42,business,good,good,0.6299157466819186,0.6187100943421887,0.6411213990216486
688,35,male,2,own,moderate,,2753,9,radio/TV,good,good,0.8567738499750033,0.8501686980474432,0.8633790019025633
864,25,male,1,rent,little,,2210,10,furniture/equipment,bad,good,0.7396451908149124,0.7289757277328537,0.7503146538969712
927,39,male,2,free,little,little,10297,48,car,bad,bad,0.6443707533544046,0.6394607095581581,0.6492807971506511
378,57,male,3,free,little,moderate,14318,36,car,bad,bad,0.6166401932882208,0.613043226374394,0.6202371602020477
320,28,male,3,own,little,moderate,4249,30,car,bad,good,0.6121395795822235,0.604165506938782,0.6201136522256651
942,31,male,2,own,,,929,24,furniture/equipment,good,good,0.9002242792614625,0.8952348193863181,0.905213739136607
351,29,female,2,own,little,moderate,959,9,furniture/equipment,bad,good,0.7126104888047939,0.7034143649337864,0.7218066126758015
418,31,female,3,own,quite rich,,2782,21,car,good,good,0.8738155707339554,0.869827248212921,0.8778038932549899
945,30,female,2,own,quite rich,moderate,8358,48,car,good,good,0.5972435120819924,0.5873635783561543,0.6071234458078306
795,22,female,2,rent,moderate,,2301,9,furniture/equipment,good,good,0.7332960936129089,0.7243878817469402,0.7422043054788776
145,30,male,2,own,moderate,moderate,3566,48,business,good,good,0.5823128147282888,0.5756772650328668,0.5889483644237108
826,33,female,2,rent,little,little,3966,18,car,bad,bad,0.5365361517357535,0.5259850503861155,0.5470872530853915
492,27,female,2,own,moderate,,1237,6,radio/TV,good,good,0.8445321476158313,0.8378500374658695,0.8512142577657931
751,23,female,1,own,little,little,976,18,car,bad,bad,0.47914238461318936,0.4686731934714965,0.48961157575488223
240,29,female,2,own,,little,915,24,car,bad,good,0.5860233679050438,0.5778823229307386,0.5941644128793491
648,38,male,2,free,little,rich,947,24,car,bad,good,0.7159966088978124,0.7118873838318636,0.7201058339637612
886,34,male,2,own,,moderate,2825,24,business,good,good,0.7798420043137289,0.7745389149983393,0.7851450936291184
144,23,female,2,own,little,,2288,21,furniture/equipment,good,good,0.7806737138984373,0.7700934863233944,0.7912539414734803
767,31,female,2,rent,,,2901,10,car,good,good,0.8854754929332143,0.8813249314909484,0.8896260543754801
999,27,male,2,own,moderate,moderate,4576,45,car,good,good,0.6020061378781102,0.5947448340814403,0.6092674416747801
467,32,male,2,own,,,7238,48,radio/TV,good,good,0.8689398340137982,0.8644925017402811,0.8733871662873152
315,31,male,2,own,little,little,2746,36,furniture/equipment,bad,bad,0.5234190495472631,0.518797955035262,0.5280401440592642
989,48,male,1,own,little,moderate,1743,24,radio/TV,good,good,0.6829808366696778,0.6777150991027235,0.688246574236632
922,22,female,2,rent,little,little,1366,9,radio/TV,bad,good,0.5529330760266707,0.5414795574520065,0.564386594601335
717,32,male,3,free,little,,1505,18,radio/TV,good,good,0.7975687618895547,0.7915305313938072,0.8036069923853022
458,27,female,2,own,little,little,343,6,domestic appliances,good,good,0.6138377531623884,0.6033340087574725,0.6243414975673044
773,52,male,2,own,moderate,,2223,24,radio/TV,good,good,0.852650818128619,0.8486508268350367,0.8566508094222013
204,38,male,1,own,little,,1495,12,car,good,good,0.8732495512467764,0.8687017646776046,0.8777973378159482
834,25,female,1,own,little,rich,2327,15,radio/TV,bad,good,0.7452161891804038,0.7379413996816386,0.7524909786791689
832,29,male,2,rent,little,little,11816,45,business,bad,bad,0.755866735948691,0.7518216814197017,0.7599117904776803
435,25,male,2,own,,moderate,1484,12,radio/TV,bad,good,0.796186731295061,0.7891747297473908,0.8031987328427312
5,35,male,1,free,,,9055,36,education,good,good,0.7666039809668408,0.7579430116954385,0.775264950238243
769,63,male,1,own,little,,1655,12,radio/TV,good,good,0.8865980112049258,0.8831679275241794,0.8900280948856721
679,26,female,2,own,little,,1453,18,radio/TV,good,good,0.8447382744819549,0.8357367849340124,0.8537397640298975
722,24,female,1,own,little,little,1228,12,car,bad,good,0.5706971195276199,0.5586858830727471,0.5827083559824927
215,39,female,1,own,,moderate,932,6,education,good,good,0.7919565593328433,0.7867536689283218,0.7971594497373647
653,42,male,3,own,moderate,moderate,8086,36,car,bad,good,0.6095727141515536,0.6008031947744698,0.6183422335286374
150,42,male,2,free,moderate,,1346,6,radio/TV,good,good,0.8083146448590369,0.8049673386681908,0.811661951049883
687,30,male,2,free,moderate,moderate,2862,36,car,good,good,0.5506734486231569,0.5456782814094687,0.5556686158368451
500,27,female,2,own,little,little,3123,24,car,bad,good,0.49838729637346707,0.4910014858028865,0.5057731069440476
332,24,female,3,own,moderate,moderate,7408,60,car,bad,good,0.545399990728212,0.5404788415895437,0.5503211398668802
979,25,male,2,rent,moderate,moderate,1264,15,car,bad,good,0.5933093938214109,0.5853395418929481,0.6012792457498737
817,24,female,2,rent,little,,1554,6,radio/TV,good,good,0.7780344735920667,0.7682010532930162,0.7878678938911171
620,27,male,2,own,little,moderate,3652,21,business,good,good,0.6456019445389651,0.6369771549531509,0.6542267341247794
814,46,male,2,free,little,little,3931,48,car,bad,bad,0.5721583105631218,0.5651337840827917,0.579182837043452
516,40,male,1,own,little,little,1361,6,car,good,good,0.6109462829731124,0.6005661483535859,0.6213264175926388
518,43,male,2,own,moderate,little,1203,6,car,good,good,0.659514730957096,0.6496139411506433,0.6694155207635487
940,45,male,3,own,,,3527,12,car,good,good,0.8985351374298157,0.8929102384873295,0.9041600363723019
113,25,female,2,own,little,,7855,36,car,bad,good,0.7388378482044906,0.7280665786466672,0.749609117762314
612,29,female,2,own,rich,little,3357,21,radio/TV,good,good,0.6457086773358838,0.6386559227679766,0.652761431903791
37,37,male,2,own,little,rich,2100,18,radio/TV,bad,good,0.7706031625085165,0.7649017984745214,0.7763045265425115
894,29,male,2,own,,,1169,18,radio/TV,good,good,0.9107979001598688,0.9053212740412167,0.916274526278521
895,31,male,3,own,,,8947,36,car,good,good,0.8345156188746443,0.8284152946018927,0.840615943147396
992,23,male,1,rent,,little,1936,18,radio/TV,good,good,0.6416272615983297,0.6339758056223979,0.6492787175742616
158,38,male,2,own,moderate,moderate,3512,24,car,good,good,0.68693747257004,0.6817988496443808,0.6920760954956993
154,36,male,3,rent,moderate,moderate,6967,24,business,good,good,0.5481687434239372,0.5389603458307294,0.557377141017145
40,30,male,3,own,quite rich,,2333,30,radio/TV,good,good,0.8458692510991694,0.8393807830701597,0.8523577191281791
585,20,female,2,rent,little,little,2039,18,furniture/equipment,bad,bad,0.5418917789845697,0.5313775996372957,0.5524059583318438
805,24,male,2,own,little,little,9271,36,car,bad,bad,0.6399994158149496,0.6330482786533292,0.6469505529765699
592,36,female,1,own,rich,,1572,21,business,good,good,0.8494185187664356,0.8455356144348957,0.8533014230979755
964,22,male,1,own,little,moderate,454,6,repairs,good,good,0.6789071254339859,0.671653089735626,0.6861611611323458
266,36,male,2,own,,,6304,36,business,good,good,0.8281114616063696,0.8223305944441834,0.8338923287685558
406,43,male,2,own,,,2197,24,car,good,good,0.9130687477886343,0.909892191630437,0.9162453039468317
294,46,male,3,own,,,7629,48,business,good,good,0.7950443154130598,0.790442593378163,0.7996460374479565
604,23,female,2,own,little,rich,1275,10,furniture/equipment,good,good,0.7511352847864861,0.744221475514621,0.7580490940583511
522,53,male,2,free,little,little,7119,48,furniture/equipment,bad,bad,0.6085969101881683,0.6024632267202304,0.6147305936561062
18,44,female,3,free,little,moderate,12579,24,car,bad,bad,0.5774835285570403,0.568630930468131,0.5863361266459497
425,21,male,2,rent,little,moderate,2779,18,car,good,good,0.5697573886742131,0.5610864894245571,0.5784282879238691
527,42,male,1,own,little,,1503,4,radio/TV,good,good,0.9057575923160619,0.9033772930590311,0.9081378915730927
308,24,female,2,own,little,moderate,1237,8,furniture/equipment,bad,good,0.7012168663220109,0.6927963224186935,0.7096374102253282
622,38,male,2,own,,,3914,48,business,bad,good,0.8504325688983063,0.8451404686705826,0.8557246691260301
794,32,male,2,rent,quite rich,,3062,24,furniture/equipment,good,good,0.8106920677034348,0.8053441811928301,0.8160399542140395
62,61,male,3,free,little,moderate,1953,36,business,bad,good,0.5895630897853174,0.584186269806867,0.5949399097637676
79,22,male,2,own,little,moderate,3832,30,furniture/equipment,good,good,0.5955741880968735,0.587392044671742,0.6037563315220049
680,56,female,2,own,little,,1538,6,education,good,good,0.886752875320944,0.8838690169315659,0.8896367337103221
193,29,male,2,rent,little,,2108,6,radio/TV,good,good,0.7969295740103003,0.7877596125589088,0.8060995354616918
750,49,female,2,own,little,little,428,6,furniture/equipment,good,good,0.6526363928412607,0.6411968645440648,0.6640759211384567
181,30,male,3,own,little,moderate,4455,36,business,bad,good,0.5824594148651417,0.5737989444075144,0.591119885322769
535,33,male,2,rent,little,rich,2319,21,education,bad,good,0.7218405265265727,0.7176915738808318,0.7259894791723136
484,44,male,2,own,quite rich,,1163,12,car,good,good,0.91226410232522,0.9092966310430508,0.9152315736073893
200,52,male,2,own,quite rich,,936,9,education,good,good,0.8931097573551218,0.8900758455646766,0.896143669145567
364,25,male,0,own,little,little,2473,18,furniture/equipment,bad,good,0.5467916636459744,0.5376943610507673,0.5558889662411816
991,34,male,1,own,moderate,,1569,15,radio/TV,good,good,0.8534618852120799,0.8478675418575418,0.859056228566618
462,34,female,3,rent,little,moderate,3017,12,furniture/equipment,good,good,0.6385901948531074,0.6323339190757715,0.6448464706304433
356,49,male,2,own,,,2331,12,radio/TV,good,good,0.9226597960880794,0.9169748702056127,0.928344721970546
2,49,male,1,own,little,,2096,12,education,good,good,0.8706637131591155,0.8660862220633252,0.8752412042549058
478,39,male,1,own,moderate,moderate,1037,12,business,good,good,0.6998983314293116,0.692906985378584,0.7068896774800392
695,50,male,2,rent,quite rich,,1236,6,car,good,good,0.8569310751905718,0.8543572463889553,0.8595049039921883
253,35,male,2,own,moderate,,4151,24,furniture/equipment,good,good,0.8302875055928162,0.8246761911198454,0.835898820065787
667,27,female,2,own,little,,3609,48,business,good,good,0.7146566467096727,0.7048029099326258,0.7245103834867195
85,29,female,3,own,little,,1412,12,business,good,good,0.8209492352886022,0.8137846342166164,0.828113836360588
969,40,male,1,own,little,little,3939,11,car,good,good,0.556227602540751,0.5443078550206188,0.5681473500608831
75,66,male,3,free,little,little,1526,12,car,good,good,0.6029509747807363,0.5954867431214145,0.6104152064400582
786,40,male,2,own,quite rich,,2675,22,radio/TV,good,good,0.8910234999691098,0.8874888875868785,0.8945581123513411
658,28,female,2,own,little,moderate,4221,30,business,good,good,0.6194928869614396,0.611567653572653,0.6274181203502261
465,63,male,2,own,little,little,2924,24,car,good,good,0.5152220866066088,0.5070751421548284,0.5233690310583893
920,28,female,2,own,little,,1817,18,furniture/equipment,good,good,0.8251735708881334,0.8160381552603997,0.834308986515867
38,37,male,2,own,little,rich,1225,10,domestic appliances,good,good,0.7803841824579962,0.7740779812114144,0.7866903837045781
944,46,female,2,rent,little,little,1845,15,furniture/equipment,good,good,0.5128674580555788,0.5037484993325679,0.5219864167785896
725,41,female,1,own,rich,,250,6,car,good,good,0.8962324150508222,0.8936021465599817,0.8988626835416627
436,23,male,1,rent,quite rich,,660,6,repairs,good,good,0.7227327740945279,0.7167926154359437,0.728672932753112
140,27,male,0,own,rich,rich,709,6,car,good,good,0.7833570157506979,0.7774077380091183,0.7893062934922775
818,43,male,3,own,little,little,15857,36,vacation/others,good,bad,0.6352583200558584,0.633217114824133,0.6372995252875837
602,34,female,1,free,little,moderate,1837,24,education,bad,good,0.6193313437417958,0.6143775304102551,0.6242851570733364
745,28,male,1,own,little,little,1797,13,business,good,good,0.5526175054701552,0.5412731379200352,0.5639618730202752
471,23,female,2,own,little,little,448,6,education,bad,good,0.5886232225275603,0.578725436405543,0.5985210086495776
342,25,male,2,rent,quite rich,moderate,3213,18,radio/TV,good,good,0.6496088477438774,0.6417331992246325,0.6574844962631223
416,33,male,1,own,little,little,2579,12,car,bad,good,0.5607052912235347,0.5481924143788135,0.573218168068256
711,35,female,2,free,little,little,1198,6,education,bad,good,0.5829092668668671,0.5743435007051622,0.591475033028572
557,29,female,2,own,,,5003,21,car,bad,good,0.8718073920434851,0.8658450182262056,0.8777697658607646
50,29,male,1,own,,moderate,2333,24,furniture/equipment,good,good,0.7574541353756132,0.7509193218511685,0.763988948900058
162,36,male,2,own,quite rich,,1262,15,domestic appliances,good,good,0.8927544297704884,0.8892375424424955,0.8962713170984812
765,40,male,1,own,little,moderate,1155,12,radio/TV,good,good,0.7328970763472822,0.7245982636541227,0.7411958890404416
856,40,female,2,own,,,894,10,education,good,good,0.9112338955137236,0.9071761370886433,0.9152916539388039
867,42,male,2,own,little,,3331,12,furniture/equipment,good,good,0.8642593185930393,0.858493198659921,0.8700254385261575
524,26,female,1,own,little,moderate,1113,18,radio/TV,good,good,0.6722447966139943,0.6640743850151458,0.6804152082128427
443,41,male,1,own,little,,719,12,education,bad,good,0.8729053030333812,0.8687868655724453,0.8770237404943171
172,34,female,3,own,little,moderate,2064,24,furniture/equipment,bad,good,0.651310653450739,0.6447883845556646,0.6578329223458135
956,49,male,1,own,,rich,3656,30,radio/TV,good,good,0.7982890679534232,0.7944835386859928,0.8020945972208537
330,75,male,3,free,little,little,6615,24,car,good,good,0.4981546725528409,0.48939992580781766,0.5069094192978641
352,38,male,3,own,,,3229,18,car,good,good,0.8946691586897364,0.8899678539966122,0.8993704633828606
857,28,male,2,free,little,,3343,15,furniture/equipment,good,good,0.7811324492638266,0.7721753900882484,0.7900895084394048
766,31,male,1,own,little,little,3108,30,furniture/equipment,bad,bad,0.507541304093042,0.5016576860236525,0.5134249221624315
39,24,male,2,own,little,moderate,458,9,radio/TV,good,good,0.6965354697974597,0.6859058808749728,0.7071650587199466
852,35,male,2,free,little,,1471,15,radio/TV,good,good,0.8487166033711158,0.8444505327412761,0.8529826740009554
875,40,female,2,own,rich,moderate,1322,11,car,good,good,0.7299288909796467,0.7231240567372007,0.7367337252220928
156,48,male,2,own,moderate,little,1288,9,repairs,good,good,0.607043938023841,0.5963036253811109,0.6177842506665712
222,30,male,2,own,little,,707,12,radio/TV,good,good,0.8727336082405808,0.865464354232409,0.8800028622487526
641,38,male,1,own,little,moderate,1308,15,repairs,good,good,0.6796329186887735,0.672565215965712,0.6867006214118351
210,33,male,2,own,,,3074,9,radio/TV,good,good,0.9245960629857681,0.9193928849363493,0.929799241035187
746,23,female,2,rent,little,little,2511,15,car,good,bad,0.5288829631113322,0.5180643772639136,0.5397015489587508
960,30,male,2,rent,little,,1740,6,radio/TV,good,good,0.8102059319103263,0.8020802529792729,0.8183316108413797
700,29,female,1,rent,quite rich,,1123,12,furniture/equipment,bad,good,0.8265070996097288,0.820734263054157,0.8322799361653006
167,20,female,2,own,rich,moderate,1577,11,furniture/equipment,good,good,0.6918907490636598,0.685167408777062,0.6986140893502576
998,23,male,2,free,little,little,1845,45,radio/TV,bad,bad,0.5801215652929362,0.5754275266466504,0.584815603939222
984,30,male,1,own,little,,2028,24,furniture/equipment,good,good,0.8279257933747957,0.8211964146200996,0.8346551721294917
491,42,female,3,free,little,moderate,8318,27,business,bad,good,0.5447470607537942,0.532900935409699,0.5565931860978894
10,25,female,2,rent,little,moderate,1295,12,car,bad,good,0.6076851867397243,0.5978421252278734,0.6175282482515752
